key_path	fixture_path	startup_apply_command	model_identifier	verification_command	expected_result	actual_evidence_path	pass_fail_status
model_fit.ctx_size	docs/skippy/manual-smoke/fixtures/model_fit/runtime-single-stage.toml	python3 docs/skippy/manual-smoke/runtime_smoke.py --binary target/debug/mesh-llm --fixture docs/skippy/manual-smoke/fixtures/model_fit/runtime-single-stage.toml --model-path $MESH_LLM_SMOKE_MODEL_PATH --api-port 9437 --console-port 3231 --max-wait 600	unsloth/Qwen3.5-4B-GGUF:UD-Q4_K_XL	wait for /api/status and /v1/models, then send /v1/chat/completions	Live local runtime smoke succeeded; see model_fit section in evidence for /api/status, /v1/models, chat completion, and cleanup.	.sisyphus/evidence/task-11-manual-runtime-smoke.txt	PASS
model_fit.batch	docs/skippy/manual-smoke/fixtures/model_fit/runtime-single-stage.toml	python3 docs/skippy/manual-smoke/runtime_smoke.py --binary target/debug/mesh-llm --fixture docs/skippy/manual-smoke/fixtures/model_fit/runtime-single-stage.toml --model-path $MESH_LLM_SMOKE_MODEL_PATH --api-port 9437 --console-port 3231 --max-wait 600	unsloth/Qwen3.5-4B-GGUF:UD-Q4_K_XL	wait for /api/status and /v1/models, then send /v1/chat/completions	Live local runtime smoke succeeded; see model_fit section in evidence for /api/status, /v1/models, chat completion, and cleanup.	.sisyphus/evidence/task-11-manual-runtime-smoke.txt	PASS
model_fit.ubatch	docs/skippy/manual-smoke/fixtures/model_fit/runtime-single-stage.toml	python3 docs/skippy/manual-smoke/runtime_smoke.py --binary target/debug/mesh-llm --fixture docs/skippy/manual-smoke/fixtures/model_fit/runtime-single-stage.toml --model-path $MESH_LLM_SMOKE_MODEL_PATH --api-port 9437 --console-port 3231 --max-wait 600	unsloth/Qwen3.5-4B-GGUF:UD-Q4_K_XL	wait for /api/status and /v1/models, then send /v1/chat/completions	Live local runtime smoke succeeded; see model_fit section in evidence for /api/status, /v1/models, chat completion, and cleanup.	.sisyphus/evidence/task-11-manual-runtime-smoke.txt	PASS
model_fit.cache_type_k	docs/skippy/manual-smoke/fixtures/model_fit/runtime-single-stage.toml	python3 docs/skippy/manual-smoke/runtime_smoke.py --binary target/debug/mesh-llm --fixture docs/skippy/manual-smoke/fixtures/model_fit/runtime-single-stage.toml --model-path $MESH_LLM_SMOKE_MODEL_PATH --api-port 9437 --console-port 3231 --max-wait 600	unsloth/Qwen3.5-4B-GGUF:UD-Q4_K_XL	wait for /api/status and /v1/models, then send /v1/chat/completions	Live local runtime smoke succeeded; see model_fit section in evidence for /api/status, /v1/models, chat completion, and cleanup.	.sisyphus/evidence/task-11-manual-runtime-smoke.txt	PASS
model_fit.cache_type_v	docs/skippy/manual-smoke/fixtures/model_fit/runtime-single-stage.toml	python3 docs/skippy/manual-smoke/runtime_smoke.py --binary target/debug/mesh-llm --fixture docs/skippy/manual-smoke/fixtures/model_fit/runtime-single-stage.toml --model-path $MESH_LLM_SMOKE_MODEL_PATH --api-port 9437 --console-port 3231 --max-wait 600	unsloth/Qwen3.5-4B-GGUF:UD-Q4_K_XL	wait for /api/status and /v1/models, then send /v1/chat/completions	Live local runtime smoke succeeded; see model_fit section in evidence for /api/status, /v1/models, chat completion, and cleanup.	.sisyphus/evidence/task-11-manual-runtime-smoke.txt	PASS
model_fit.kv_cache_policy	docs/skippy/manual-smoke/fixtures/model_fit/runtime-single-stage.toml	python3 docs/skippy/manual-smoke/runtime_smoke.py --binary target/debug/mesh-llm --fixture docs/skippy/manual-smoke/fixtures/model_fit/runtime-single-stage.toml --model-path $MESH_LLM_SMOKE_MODEL_PATH --api-port 9437 --console-port 3231 --max-wait 600	unsloth/Qwen3.5-4B-GGUF:UD-Q4_K_XL	wait for /api/status and /v1/models, then send /v1/chat/completions	Live local runtime smoke succeeded; see model_fit section in evidence for /api/status, /v1/models, chat completion, and cleanup.	.sisyphus/evidence/task-11-manual-runtime-smoke.txt	PASS
model_fit.kv_offload	docs/skippy/manual-smoke/fixtures/model_fit/runtime-single-stage.toml	python3 docs/skippy/manual-smoke/runtime_smoke.py --binary target/debug/mesh-llm --fixture docs/skippy/manual-smoke/fixtures/model_fit/runtime-single-stage.toml --model-path $MESH_LLM_SMOKE_MODEL_PATH --api-port 9437 --console-port 3231 --max-wait 600	unsloth/Qwen3.5-4B-GGUF:UD-Q4_K_XL	wait for /api/status and /v1/models, then send /v1/chat/completions	Live local runtime smoke succeeded; see model_fit section in evidence for /api/status, /v1/models, chat completion, and cleanup.	.sisyphus/evidence/task-11-manual-runtime-smoke.txt	PASS
model_fit.prompt_cache	docs/skippy/manual-smoke/fixtures/model_fit/runtime-single-stage.toml	python3 docs/skippy/manual-smoke/runtime_smoke.py --binary target/debug/mesh-llm --fixture docs/skippy/manual-smoke/fixtures/model_fit/runtime-single-stage.toml --model-path $MESH_LLM_SMOKE_MODEL_PATH --api-port 9437 --console-port 3231 --max-wait 600	unsloth/Qwen3.5-4B-GGUF:UD-Q4_K_XL	wait for /api/status and /v1/models, then send /v1/chat/completions	Live local runtime smoke succeeded; see model_fit section in evidence for /api/status, /v1/models, chat completion, and cleanup.	.sisyphus/evidence/task-11-manual-runtime-smoke.txt	PASS
model_fit.prefix_cache.enabled	docs/skippy/manual-smoke/fixtures/model_fit/runtime-single-stage.toml	python3 docs/skippy/manual-smoke/runtime_smoke.py --binary target/debug/mesh-llm --fixture docs/skippy/manual-smoke/fixtures/model_fit/runtime-single-stage.toml --model-path $MESH_LLM_SMOKE_MODEL_PATH --api-port 9437 --console-port 3231 --max-wait 600	unsloth/Qwen3.5-4B-GGUF:UD-Q4_K_XL	wait for /api/status and /v1/models, then send /v1/chat/completions	Live local runtime smoke succeeded; see model_fit section in evidence for /api/status, /v1/models, chat completion, and cleanup.	.sisyphus/evidence/task-11-manual-runtime-smoke.txt	PASS
model_fit.prefix_cache.max_entries	docs/skippy/manual-smoke/fixtures/model_fit/runtime-single-stage.toml	python3 docs/skippy/manual-smoke/runtime_smoke.py --binary target/debug/mesh-llm --fixture docs/skippy/manual-smoke/fixtures/model_fit/runtime-single-stage.toml --model-path $MESH_LLM_SMOKE_MODEL_PATH --api-port 9437 --console-port 3231 --max-wait 600	unsloth/Qwen3.5-4B-GGUF:UD-Q4_K_XL	wait for /api/status and /v1/models, then send /v1/chat/completions	Live local runtime smoke succeeded; see model_fit section in evidence for /api/status, /v1/models, chat completion, and cleanup.	.sisyphus/evidence/task-11-manual-runtime-smoke.txt	PASS
model_fit.prefix_cache.max_bytes	docs/skippy/manual-smoke/fixtures/model_fit/runtime-single-stage.toml	python3 docs/skippy/manual-smoke/runtime_smoke.py --binary target/debug/mesh-llm --fixture docs/skippy/manual-smoke/fixtures/model_fit/runtime-single-stage.toml --model-path $MESH_LLM_SMOKE_MODEL_PATH --api-port 9437 --console-port 3231 --max-wait 600	unsloth/Qwen3.5-4B-GGUF:UD-Q4_K_XL	wait for /api/status and /v1/models, then send /v1/chat/completions	Live local runtime smoke succeeded; see model_fit section in evidence for /api/status, /v1/models, chat completion, and cleanup.	.sisyphus/evidence/task-11-manual-runtime-smoke.txt	PASS
model_fit.prefix_cache.min_tokens	docs/skippy/manual-smoke/fixtures/model_fit/runtime-single-stage.toml	python3 docs/skippy/manual-smoke/runtime_smoke.py --binary target/debug/mesh-llm --fixture docs/skippy/manual-smoke/fixtures/model_fit/runtime-single-stage.toml --model-path $MESH_LLM_SMOKE_MODEL_PATH --api-port 9437 --console-port 3231 --max-wait 600	unsloth/Qwen3.5-4B-GGUF:UD-Q4_K_XL	wait for /api/status and /v1/models, then send /v1/chat/completions	Live local runtime smoke succeeded; see model_fit section in evidence for /api/status, /v1/models, chat completion, and cleanup.	.sisyphus/evidence/task-11-manual-runtime-smoke.txt	PASS
model_fit.prefix_cache.shared_stride_tokens	docs/skippy/manual-smoke/fixtures/model_fit/runtime-single-stage.toml	python3 docs/skippy/manual-smoke/runtime_smoke.py --binary target/debug/mesh-llm --fixture docs/skippy/manual-smoke/fixtures/model_fit/runtime-single-stage.toml --model-path $MESH_LLM_SMOKE_MODEL_PATH --api-port 9437 --console-port 3231 --max-wait 600	unsloth/Qwen3.5-4B-GGUF:UD-Q4_K_XL	wait for /api/status and /v1/models, then send /v1/chat/completions	Live local runtime smoke succeeded; see model_fit section in evidence for /api/status, /v1/models, chat completion, and cleanup.	.sisyphus/evidence/task-11-manual-runtime-smoke.txt	PASS
model_fit.prefix_cache.shared_record_limit	docs/skippy/manual-smoke/fixtures/model_fit/runtime-single-stage.toml	python3 docs/skippy/manual-smoke/runtime_smoke.py --binary target/debug/mesh-llm --fixture docs/skippy/manual-smoke/fixtures/model_fit/runtime-single-stage.toml --model-path $MESH_LLM_SMOKE_MODEL_PATH --api-port 9437 --console-port 3231 --max-wait 600	unsloth/Qwen3.5-4B-GGUF:UD-Q4_K_XL	wait for /api/status and /v1/models, then send /v1/chat/completions	Live local runtime smoke succeeded; see model_fit section in evidence for /api/status, /v1/models, chat completion, and cleanup.	.sisyphus/evidence/task-11-manual-runtime-smoke.txt	PASS
model_fit.prefix_cache.payload_mode	docs/skippy/manual-smoke/fixtures/model_fit/runtime-single-stage.toml	python3 docs/skippy/manual-smoke/runtime_smoke.py --binary target/debug/mesh-llm --fixture docs/skippy/manual-smoke/fixtures/model_fit/runtime-single-stage.toml --model-path $MESH_LLM_SMOKE_MODEL_PATH --api-port 9437 --console-port 3231 --max-wait 600	unsloth/Qwen3.5-4B-GGUF:UD-Q4_K_XL	wait for /api/status and /v1/models, then send /v1/chat/completions	Live local runtime smoke succeeded; see model_fit section in evidence for /api/status, /v1/models, chat completion, and cleanup.	.sisyphus/evidence/task-11-manual-runtime-smoke.txt	PASS
model_fit.swa_full	docs/skippy/manual-smoke/fixtures/model_fit/runtime-single-stage.toml	python3 docs/skippy/manual-smoke/runtime_smoke.py --binary target/debug/mesh-llm --fixture docs/skippy/manual-smoke/fixtures/model_fit/runtime-single-stage.toml --model-path $MESH_LLM_SMOKE_MODEL_PATH --api-port 9437 --console-port 3231 --max-wait 600	unsloth/Qwen3.5-4B-GGUF:UD-Q4_K_XL	wait for /api/status and /v1/models, then send /v1/chat/completions	Live local runtime smoke succeeded; see model_fit section in evidence for /api/status, /v1/models, chat completion, and cleanup.	.sisyphus/evidence/task-11-manual-runtime-smoke.txt	PASS
model_fit.kv_unified	docs/skippy/manual-smoke/fixtures/model_fit/rejected-reserved.toml	target/debug/mesh-llm serve --config docs/skippy/manual-smoke/fixtures/model_fit/rejected-reserved.toml --headless	unsloth/Qwen3.5-4B-GGUF:UD-Q4_K_XL	capture nonzero exit and missing launch in stderr	Local serve path did not fail closed on this reserved model-fit bundle before startup; row kept as blocker until isolated negative evidence exists.	.sisyphus/evidence/task-11-manual-runtime-smoke-error.txt	BLOCKED_EVIDENCE_GAP
model_fit.cache_ram_mib	docs/skippy/manual-smoke/fixtures/model_fit/rejected-reserved.toml	target/debug/mesh-llm serve --config docs/skippy/manual-smoke/fixtures/model_fit/rejected-reserved.toml --headless	unsloth/Qwen3.5-4B-GGUF:UD-Q4_K_XL	capture nonzero exit and missing launch in stderr	Local serve path did not fail closed on this reserved model-fit bundle before startup; row kept as blocker until isolated negative evidence exists.	.sisyphus/evidence/task-11-manual-runtime-smoke-error.txt	BLOCKED_EVIDENCE_GAP
model_fit.cache_idle_slots	docs/skippy/manual-smoke/fixtures/model_fit/rejected-reserved.toml	target/debug/mesh-llm serve --config docs/skippy/manual-smoke/fixtures/model_fit/rejected-reserved.toml --headless	unsloth/Qwen3.5-4B-GGUF:UD-Q4_K_XL	capture nonzero exit and missing launch in stderr	Local serve path did not fail closed on this reserved model-fit bundle before startup; row kept as blocker until isolated negative evidence exists.	.sisyphus/evidence/task-11-manual-runtime-smoke-error.txt	BLOCKED_EVIDENCE_GAP
model_fit.keep_tokens	docs/skippy/manual-smoke/fixtures/model_fit/rejected-reserved.toml	target/debug/mesh-llm serve --config docs/skippy/manual-smoke/fixtures/model_fit/rejected-reserved.toml --headless	unsloth/Qwen3.5-4B-GGUF:UD-Q4_K_XL	capture nonzero exit and missing launch in stderr	Local serve path did not fail closed on this reserved model-fit bundle before startup; row kept as blocker until isolated negative evidence exists.	.sisyphus/evidence/task-11-manual-runtime-smoke-error.txt	BLOCKED_EVIDENCE_GAP
model_fit.context_shift	docs/skippy/manual-smoke/fixtures/model_fit/rejected-reserved.toml	target/debug/mesh-llm serve --config docs/skippy/manual-smoke/fixtures/model_fit/rejected-reserved.toml --headless	unsloth/Qwen3.5-4B-GGUF:UD-Q4_K_XL	capture nonzero exit and missing launch in stderr	Local serve path did not fail closed on this reserved model-fit bundle before startup; row kept as blocker until isolated negative evidence exists.	.sisyphus/evidence/task-11-manual-runtime-smoke-error.txt	BLOCKED_EVIDENCE_GAP
model_fit.checkpoint_interval	docs/skippy/manual-smoke/fixtures/model_fit/rejected-reserved.toml	target/debug/mesh-llm serve --config docs/skippy/manual-smoke/fixtures/model_fit/rejected-reserved.toml --headless	unsloth/Qwen3.5-4B-GGUF:UD-Q4_K_XL	capture nonzero exit and missing launch in stderr	Local serve path did not fail closed on this reserved model-fit bundle before startup; row kept as blocker until isolated negative evidence exists.	.sisyphus/evidence/task-11-manual-runtime-smoke-error.txt	BLOCKED_EVIDENCE_GAP
model_fit.checkpoint_count	docs/skippy/manual-smoke/fixtures/model_fit/rejected-reserved.toml	target/debug/mesh-llm serve --config docs/skippy/manual-smoke/fixtures/model_fit/rejected-reserved.toml --headless	unsloth/Qwen3.5-4B-GGUF:UD-Q4_K_XL	capture nonzero exit and missing launch in stderr	Local serve path did not fail closed on this reserved model-fit bundle before startup; row kept as blocker until isolated negative evidence exists.	.sisyphus/evidence/task-11-manual-runtime-smoke-error.txt	BLOCKED_EVIDENCE_GAP
model_fit.lookup_cache_static	docs/skippy/manual-smoke/fixtures/model_fit/rejected-reserved.toml	target/debug/mesh-llm serve --config docs/skippy/manual-smoke/fixtures/model_fit/rejected-reserved.toml --headless	unsloth/Qwen3.5-4B-GGUF:UD-Q4_K_XL	capture nonzero exit and missing launch in stderr	Local serve path did not fail closed on this reserved model-fit bundle before startup; row kept as blocker until isolated negative evidence exists.	.sisyphus/evidence/task-11-manual-runtime-smoke-error.txt	BLOCKED_EVIDENCE_GAP
model_fit.lookup_cache_dynamic	docs/skippy/manual-smoke/fixtures/model_fit/rejected-reserved.toml	target/debug/mesh-llm serve --config docs/skippy/manual-smoke/fixtures/model_fit/rejected-reserved.toml --headless	unsloth/Qwen3.5-4B-GGUF:UD-Q4_K_XL	capture nonzero exit and missing launch in stderr	Local serve path did not fail closed on this reserved model-fit bundle before startup; row kept as blocker until isolated negative evidence exists.	.sisyphus/evidence/task-11-manual-runtime-smoke-error.txt	BLOCKED_EVIDENCE_GAP
hardware.model_runtime	docs/skippy/manual-smoke/fixtures/hardware/runtime-single-stage.toml	python3 docs/skippy/manual-smoke/runtime_smoke.py --binary target/debug/mesh-llm --fixture docs/skippy/manual-smoke/fixtures/hardware/runtime-single-stage.toml --model-path $MESH_LLM_SMOKE_MODEL_PATH --api-port 9438 --console-port 3232 --max-wait 600	unsloth/Qwen3.5-4B-GGUF:UD-Q4_K_XL	wait for /api/status and /v1/models, then send /v1/chat/completions	Live local runtime smoke succeeded with hardware-focused fixture; see evidence for command, status, model list, chat response, and cleanup.	.sisyphus/evidence/task-11-manual-runtime-smoke.txt	PASS
hardware.device	docs/skippy/manual-smoke/fixtures/hardware/runtime-single-stage.toml	python3 docs/skippy/manual-smoke/runtime_smoke.py --binary target/debug/mesh-llm --fixture docs/skippy/manual-smoke/fixtures/hardware/runtime-single-stage.toml --model-path $MESH_LLM_SMOKE_MODEL_PATH --api-port 9438 --console-port 3232 --max-wait 600	unsloth/Qwen3.5-4B-GGUF:UD-Q4_K_XL	wait for /api/status and /v1/models, then send /v1/chat/completions	Live local runtime smoke succeeded with hardware-focused fixture; see evidence for command, status, model list, chat response, and cleanup.	.sisyphus/evidence/task-11-manual-runtime-smoke.txt	PASS
hardware.gpu_layers	docs/skippy/manual-smoke/fixtures/hardware/runtime-single-stage.toml	python3 docs/skippy/manual-smoke/runtime_smoke.py --binary target/debug/mesh-llm --fixture docs/skippy/manual-smoke/fixtures/hardware/runtime-single-stage.toml --model-path $MESH_LLM_SMOKE_MODEL_PATH --api-port 9438 --console-port 3232 --max-wait 600	unsloth/Qwen3.5-4B-GGUF:UD-Q4_K_XL	wait for /api/status and /v1/models, then send /v1/chat/completions	Live local runtime smoke succeeded with hardware-focused fixture; see evidence for command, status, model list, chat response, and cleanup.	.sisyphus/evidence/task-11-manual-runtime-smoke.txt	PASS
hardware.placement	docs/skippy/manual-smoke/fixtures/hardware/runtime-single-stage.toml	python3 docs/skippy/manual-smoke/runtime_smoke.py --binary target/debug/mesh-llm --fixture docs/skippy/manual-smoke/fixtures/hardware/runtime-single-stage.toml --model-path $MESH_LLM_SMOKE_MODEL_PATH --api-port 9438 --console-port 3232 --max-wait 600	unsloth/Qwen3.5-4B-GGUF:UD-Q4_K_XL	wait for /api/status and /v1/models, then send /v1/chat/completions	Live local runtime smoke succeeded with hardware-focused fixture; see evidence for command, status, model list, chat response, and cleanup.	.sisyphus/evidence/task-11-manual-runtime-smoke.txt	PASS
hardware.tensor_split	docs/skippy/manual-smoke/fixtures/hardware/runtime-single-stage.toml	python3 docs/skippy/manual-smoke/runtime_smoke.py --binary target/debug/mesh-llm --fixture docs/skippy/manual-smoke/fixtures/hardware/runtime-single-stage.toml --model-path $MESH_LLM_SMOKE_MODEL_PATH --api-port 9438 --console-port 3232 --max-wait 600	unsloth/Qwen3.5-4B-GGUF:UD-Q4_K_XL	wait for /api/status and /v1/models, then send /v1/chat/completions	Live local runtime smoke succeeded with hardware-focused fixture; see evidence for command, status, model list, chat response, and cleanup.	.sisyphus/evidence/task-11-manual-runtime-smoke.txt	PASS
hardware.split_mode	docs/skippy/manual-smoke/fixtures/hardware/runtime-single-stage.toml	python3 docs/skippy/manual-smoke/runtime_smoke.py --binary target/debug/mesh-llm --fixture docs/skippy/manual-smoke/fixtures/hardware/runtime-single-stage.toml --model-path $MESH_LLM_SMOKE_MODEL_PATH --api-port 9438 --console-port 3232 --max-wait 600	unsloth/Qwen3.5-4B-GGUF:UD-Q4_K_XL	wait for /api/status and /v1/models, then send /v1/chat/completions	Live local runtime smoke succeeded with hardware-focused fixture; see evidence for command, status, model list, chat response, and cleanup.	.sisyphus/evidence/task-11-manual-runtime-smoke.txt	PASS
hardware.main_gpu	docs/skippy/manual-smoke/fixtures/hardware/runtime-single-stage.toml	python3 docs/skippy/manual-smoke/runtime_smoke.py --binary target/debug/mesh-llm --fixture docs/skippy/manual-smoke/fixtures/hardware/runtime-single-stage.toml --model-path $MESH_LLM_SMOKE_MODEL_PATH --api-port 9438 --console-port 3232 --max-wait 600	unsloth/Qwen3.5-4B-GGUF:UD-Q4_K_XL	wait for /api/status and /v1/models, then send /v1/chat/completions	Live local runtime smoke succeeded with hardware-focused fixture; see evidence for command, status, model list, chat response, and cleanup.	.sisyphus/evidence/task-11-manual-runtime-smoke.txt	PASS
hardware.cpu_moe	docs/skippy/manual-smoke/fixtures/hardware/runtime-single-stage.toml	python3 docs/skippy/manual-smoke/runtime_smoke.py --binary target/debug/mesh-llm --fixture docs/skippy/manual-smoke/fixtures/hardware/runtime-single-stage.toml --model-path $MESH_LLM_SMOKE_MODEL_PATH --api-port 9438 --console-port 3232 --max-wait 600	unsloth/Qwen3.5-4B-GGUF:UD-Q4_K_XL	wait for /api/status and /v1/models, then send /v1/chat/completions	Live local runtime smoke succeeded with hardware-focused fixture; see evidence for command, status, model list, chat response, and cleanup.	.sisyphus/evidence/task-11-manual-runtime-smoke.txt	PASS
hardware.n_cpu_moe	docs/skippy/manual-smoke/fixtures/hardware/runtime-single-stage.toml	python3 docs/skippy/manual-smoke/runtime_smoke.py --binary target/debug/mesh-llm --fixture docs/skippy/manual-smoke/fixtures/hardware/runtime-single-stage.toml --model-path $MESH_LLM_SMOKE_MODEL_PATH --api-port 9438 --console-port 3232 --max-wait 600	unsloth/Qwen3.5-4B-GGUF:UD-Q4_K_XL	wait for /api/status and /v1/models, then send /v1/chat/completions	Live local runtime smoke succeeded with hardware-focused fixture; see evidence for command, status, model list, chat response, and cleanup.	.sisyphus/evidence/task-11-manual-runtime-smoke.txt	PASS
hardware.fit_target_mib	docs/skippy/manual-smoke/fixtures/hardware/runtime-single-stage.toml	python3 docs/skippy/manual-smoke/runtime_smoke.py --binary target/debug/mesh-llm --fixture docs/skippy/manual-smoke/fixtures/hardware/runtime-single-stage.toml --model-path $MESH_LLM_SMOKE_MODEL_PATH --api-port 9438 --console-port 3232 --max-wait 600	unsloth/Qwen3.5-4B-GGUF:UD-Q4_K_XL	wait for /api/status and /v1/models, then send /v1/chat/completions	Live local runtime smoke succeeded with hardware-focused fixture; see evidence for command, status, model list, chat response, and cleanup.	.sisyphus/evidence/task-11-manual-runtime-smoke.txt	PASS
hardware.fit_context	docs/skippy/manual-smoke/fixtures/hardware/runtime-single-stage.toml	python3 docs/skippy/manual-smoke/runtime_smoke.py --binary target/debug/mesh-llm --fixture docs/skippy/manual-smoke/fixtures/hardware/runtime-single-stage.toml --model-path $MESH_LLM_SMOKE_MODEL_PATH --api-port 9438 --console-port 3232 --max-wait 600	unsloth/Qwen3.5-4B-GGUF:UD-Q4_K_XL	wait for /api/status and /v1/models, then send /v1/chat/completions	Live local runtime smoke succeeded with hardware-focused fixture; see evidence for command, status, model list, chat response, and cleanup.	.sisyphus/evidence/task-11-manual-runtime-smoke.txt	PASS
hardware.model_path	docs/skippy/manual-smoke/fixtures/hardware/runtime-single-stage.toml	python3 docs/skippy/manual-smoke/runtime_smoke.py --binary target/debug/mesh-llm --fixture docs/skippy/manual-smoke/fixtures/hardware/runtime-single-stage.toml --model-path $MESH_LLM_SMOKE_MODEL_PATH --api-port 9438 --console-port 3232 --max-wait 600	unsloth/Qwen3.5-4B-GGUF:UD-Q4_K_XL	wait for /api/status and /v1/models, then send /v1/chat/completions	Live local runtime smoke succeeded with hardware-focused fixture; see evidence for command, status, model list, chat response, and cleanup.	.sisyphus/evidence/task-11-manual-runtime-smoke.txt	PASS
hardware.check_tensors	docs/skippy/manual-smoke/fixtures/hardware/runtime-single-stage.toml	python3 docs/skippy/manual-smoke/runtime_smoke.py --binary target/debug/mesh-llm --fixture docs/skippy/manual-smoke/fixtures/hardware/runtime-single-stage.toml --model-path $MESH_LLM_SMOKE_MODEL_PATH --api-port 9438 --console-port 3232 --max-wait 600	unsloth/Qwen3.5-4B-GGUF:UD-Q4_K_XL	wait for /api/status and /v1/models, then send /v1/chat/completions	Live local runtime smoke succeeded with hardware-focused fixture; see evidence for command, status, model list, chat response, and cleanup.	.sisyphus/evidence/task-11-manual-runtime-smoke.txt	PASS
hardware.mmap	docs/skippy/manual-smoke/fixtures/hardware/runtime-single-stage.toml	python3 docs/skippy/manual-smoke/runtime_smoke.py --binary target/debug/mesh-llm --fixture docs/skippy/manual-smoke/fixtures/hardware/runtime-single-stage.toml --model-path $MESH_LLM_SMOKE_MODEL_PATH --api-port 9438 --console-port 3232 --max-wait 600	unsloth/Qwen3.5-4B-GGUF:UD-Q4_K_XL	wait for /api/status and /v1/models, then send /v1/chat/completions	Live local runtime smoke succeeded with hardware-focused fixture; see evidence for command, status, model list, chat response, and cleanup.	.sisyphus/evidence/task-11-manual-runtime-smoke.txt	PASS
hardware.mlock	docs/skippy/manual-smoke/fixtures/hardware/runtime-single-stage.toml	python3 docs/skippy/manual-smoke/runtime_smoke.py --binary target/debug/mesh-llm --fixture docs/skippy/manual-smoke/fixtures/hardware/runtime-single-stage.toml --model-path $MESH_LLM_SMOKE_MODEL_PATH --api-port 9438 --console-port 3232 --max-wait 600	unsloth/Qwen3.5-4B-GGUF:UD-Q4_K_XL	wait for /api/status and /v1/models, then send /v1/chat/completions	Live local runtime smoke succeeded with hardware-focused fixture; see evidence for command, status, model list, chat response, and cleanup.	.sisyphus/evidence/task-11-manual-runtime-smoke.txt	PASS
hardware.direct_io	docs/skippy/manual-smoke/fixtures/hardware/runtime-single-stage.toml	python3 docs/skippy/manual-smoke/runtime_smoke.py --binary target/debug/mesh-llm --fixture docs/skippy/manual-smoke/fixtures/hardware/runtime-single-stage.toml --model-path $MESH_LLM_SMOKE_MODEL_PATH --api-port 9438 --console-port 3232 --max-wait 600	unsloth/Qwen3.5-4B-GGUF:UD-Q4_K_XL	wait for /api/status and /v1/models, then send /v1/chat/completions	Live local runtime smoke succeeded with hardware-focused fixture; see evidence for command, status, model list, chat response, and cleanup.	.sisyphus/evidence/task-11-manual-runtime-smoke.txt	PASS
hardware.repack	docs/skippy/manual-smoke/fixtures/hardware/runtime-single-stage.toml	python3 docs/skippy/manual-smoke/runtime_smoke.py --binary target/debug/mesh-llm --fixture docs/skippy/manual-smoke/fixtures/hardware/runtime-single-stage.toml --model-path $MESH_LLM_SMOKE_MODEL_PATH --api-port 9438 --console-port 3232 --max-wait 600	unsloth/Qwen3.5-4B-GGUF:UD-Q4_K_XL	wait for /api/status and /v1/models, then send /v1/chat/completions	Live local runtime smoke succeeded with hardware-focused fixture; see evidence for command, status, model list, chat response, and cleanup.	.sisyphus/evidence/task-11-manual-runtime-smoke.txt	PASS
hardware.op_offload	docs/skippy/manual-smoke/fixtures/hardware/runtime-single-stage.toml	python3 docs/skippy/manual-smoke/runtime_smoke.py --binary target/debug/mesh-llm --fixture docs/skippy/manual-smoke/fixtures/hardware/runtime-single-stage.toml --model-path $MESH_LLM_SMOKE_MODEL_PATH --api-port 9438 --console-port 3232 --max-wait 600	unsloth/Qwen3.5-4B-GGUF:UD-Q4_K_XL	wait for /api/status and /v1/models, then send /v1/chat/completions	Live local runtime smoke succeeded with hardware-focused fixture; see evidence for command, status, model list, chat response, and cleanup.	.sisyphus/evidence/task-11-manual-runtime-smoke.txt	PASS
hardware.no_host_buffer	docs/skippy/manual-smoke/fixtures/hardware/runtime-single-stage.toml	python3 docs/skippy/manual-smoke/runtime_smoke.py --binary target/debug/mesh-llm --fixture docs/skippy/manual-smoke/fixtures/hardware/runtime-single-stage.toml --model-path $MESH_LLM_SMOKE_MODEL_PATH --api-port 9438 --console-port 3232 --max-wait 600	unsloth/Qwen3.5-4B-GGUF:UD-Q4_K_XL	wait for /api/status and /v1/models, then send /v1/chat/completions	Live local runtime smoke succeeded with hardware-focused fixture; see evidence for command, status, model list, chat response, and cleanup.	.sisyphus/evidence/task-11-manual-runtime-smoke.txt	PASS
hardware.warmup	docs/skippy/manual-smoke/fixtures/hardware/runtime-single-stage.toml	python3 docs/skippy/manual-smoke/runtime_smoke.py --binary target/debug/mesh-llm --fixture docs/skippy/manual-smoke/fixtures/hardware/runtime-single-stage.toml --model-path $MESH_LLM_SMOKE_MODEL_PATH --api-port 9438 --console-port 3232 --max-wait 600	unsloth/Qwen3.5-4B-GGUF:UD-Q4_K_XL	wait for /api/status and /v1/models, then send /v1/chat/completions	Live local runtime smoke succeeded with hardware-focused fixture; see evidence for command, status, model list, chat response, and cleanup.	.sisyphus/evidence/task-11-manual-runtime-smoke.txt	PASS
hardware.stage_layer_start	docs/skippy/manual-smoke/fixtures/skippy/staged-only.toml	target/debug/mesh-llm serve --config docs/skippy/manual-smoke/fixtures/skippy/staged-only.toml --headless	unsloth/Qwen3.5-4B-GGUF:UD-Q4_K_XL	capture nonzero exit and missing launch in stderr	Local single-node smoke did not yield deterministic fail-before-launch evidence for staged-only controls; staged/package topology still needs dedicated local or multi-node proof.	.sisyphus/evidence/task-11-manual-runtime-smoke-error.txt	BLOCKED_STAGED_LOCAL
hardware.stage_layer_end	docs/skippy/manual-smoke/fixtures/skippy/staged-only.toml	target/debug/mesh-llm serve --config docs/skippy/manual-smoke/fixtures/skippy/staged-only.toml --headless	unsloth/Qwen3.5-4B-GGUF:UD-Q4_K_XL	capture nonzero exit and missing launch in stderr	Local single-node smoke did not yield deterministic fail-before-launch evidence for staged-only controls; staged/package topology still needs dedicated local or multi-node proof.	.sisyphus/evidence/task-11-manual-runtime-smoke-error.txt	BLOCKED_STAGED_LOCAL
hardware.rpc_backend	docs/skippy/manual-smoke/fixtures/hardware/rejected-operational.toml	target/debug/mesh-llm serve --config docs/skippy/manual-smoke/fixtures/hardware/rejected-operational.toml --headless	n/a (expected rejection)	capture nonzero exit and missing launch in stderr	Observed direct rejection: defaults.hardware.rpc_backend is documented-rejected and must not be set.	.sisyphus/evidence/task-11-manual-runtime-smoke-error.txt	EXPECTED_REJECTED_PASS
hardware.hf_repo	docs/skippy/manual-smoke/fixtures/hardware/rejected-operational.toml	not-run locally; see blocker evidence and fixture template	public HF ref only	review blocker note plus fixture syntax/coverage only	Not executed locally because this row requires network-backed model resolution; Task 11 stays local-only and avoids fetch-dependent evidence.	.sisyphus/evidence/task-11-manual-runtime-smoke.txt	BLOCKED_NETWORK_LOCAL
hardware.hf_file	docs/skippy/manual-smoke/fixtures/hardware/rejected-operational.toml	not-run locally; see blocker evidence and fixture template	public HF ref only	review blocker note plus fixture syntax/coverage only	Not executed locally because this row requires network-backed model resolution; Task 11 stays local-only and avoids fetch-dependent evidence.	.sisyphus/evidence/task-11-manual-runtime-smoke.txt	BLOCKED_NETWORK_LOCAL
hardware.lora_adapters	docs/skippy/manual-smoke/fixtures/hardware/rejected-operational.toml	not-run locally; see blocker evidence and fixture template	local sidecar assets required	review blocker note plus fixture syntax/coverage only	Not executed locally because deterministic local sidecar assets or a matching multimodal model/projector pair were unavailable.	.sisyphus/evidence/task-11-manual-runtime-smoke.txt	BLOCKED_ASSET_LOCAL
hardware.control_vectors	docs/skippy/manual-smoke/fixtures/hardware/rejected-operational.toml	not-run locally; see blocker evidence and fixture template	local sidecar assets required	review blocker note plus fixture syntax/coverage only	Not executed locally because deterministic local sidecar assets or a matching multimodal model/projector pair were unavailable.	.sisyphus/evidence/task-11-manual-runtime-smoke.txt	BLOCKED_ASSET_LOCAL
throughput.parallel	docs/skippy/manual-smoke/fixtures/throughput/runtime-single-stage.toml	python3 docs/skippy/manual-smoke/runtime_smoke.py --binary target/debug/mesh-llm --fixture docs/skippy/manual-smoke/fixtures/throughput/runtime-single-stage.toml --model-path $MESH_LLM_SMOKE_MODEL_PATH --api-port 9439 --console-port 3233 --max-wait 600	unsloth/Qwen3.5-4B-GGUF:UD-Q4_K_XL	wait for /api/status and /v1/models, then send /v1/chat/completions	Live local runtime smoke succeeded with throughput-focused fixture; see evidence for command, status, model list, chat response, and cleanup.	.sisyphus/evidence/task-11-manual-runtime-smoke.txt	PASS
throughput.continuous_batching	docs/skippy/manual-smoke/fixtures/throughput/runtime-single-stage.toml	python3 docs/skippy/manual-smoke/runtime_smoke.py --binary target/debug/mesh-llm --fixture docs/skippy/manual-smoke/fixtures/throughput/runtime-single-stage.toml --model-path $MESH_LLM_SMOKE_MODEL_PATH --api-port 9439 --console-port 3233 --max-wait 600	unsloth/Qwen3.5-4B-GGUF:UD-Q4_K_XL	wait for /api/status and /v1/models, then send /v1/chat/completions	Live local runtime smoke succeeded with throughput-focused fixture; see evidence for command, status, model list, chat response, and cleanup.	.sisyphus/evidence/task-11-manual-runtime-smoke.txt	PASS
throughput.threads	docs/skippy/manual-smoke/fixtures/throughput/runtime-single-stage.toml	python3 docs/skippy/manual-smoke/runtime_smoke.py --binary target/debug/mesh-llm --fixture docs/skippy/manual-smoke/fixtures/throughput/runtime-single-stage.toml --model-path $MESH_LLM_SMOKE_MODEL_PATH --api-port 9439 --console-port 3233 --max-wait 600	unsloth/Qwen3.5-4B-GGUF:UD-Q4_K_XL	wait for /api/status and /v1/models, then send /v1/chat/completions	Live local runtime smoke succeeded with throughput-focused fixture; see evidence for command, status, model list, chat response, and cleanup.	.sisyphus/evidence/task-11-manual-runtime-smoke.txt	PASS
throughput.threads_batch	docs/skippy/manual-smoke/fixtures/throughput/runtime-single-stage.toml	python3 docs/skippy/manual-smoke/runtime_smoke.py --binary target/debug/mesh-llm --fixture docs/skippy/manual-smoke/fixtures/throughput/runtime-single-stage.toml --model-path $MESH_LLM_SMOKE_MODEL_PATH --api-port 9439 --console-port 3233 --max-wait 600	unsloth/Qwen3.5-4B-GGUF:UD-Q4_K_XL	wait for /api/status and /v1/models, then send /v1/chat/completions	Live local runtime smoke succeeded with throughput-focused fixture; see evidence for command, status, model list, chat response, and cleanup.	.sisyphus/evidence/task-11-manual-runtime-smoke.txt	PASS
throughput.priority	docs/skippy/manual-smoke/fixtures/throughput/runtime-single-stage.toml	python3 docs/skippy/manual-smoke/runtime_smoke.py --binary target/debug/mesh-llm --fixture docs/skippy/manual-smoke/fixtures/throughput/runtime-single-stage.toml --model-path $MESH_LLM_SMOKE_MODEL_PATH --api-port 9439 --console-port 3233 --max-wait 600	unsloth/Qwen3.5-4B-GGUF:UD-Q4_K_XL	wait for /api/status and /v1/models, then send /v1/chat/completions	Live local runtime smoke succeeded with throughput-focused fixture; see evidence for command, status, model list, chat response, and cleanup.	.sisyphus/evidence/task-11-manual-runtime-smoke.txt	PASS
throughput.poll	docs/skippy/manual-smoke/fixtures/throughput/runtime-single-stage.toml	python3 docs/skippy/manual-smoke/runtime_smoke.py --binary target/debug/mesh-llm --fixture docs/skippy/manual-smoke/fixtures/throughput/runtime-single-stage.toml --model-path $MESH_LLM_SMOKE_MODEL_PATH --api-port 9439 --console-port 3233 --max-wait 600	unsloth/Qwen3.5-4B-GGUF:UD-Q4_K_XL	wait for /api/status and /v1/models, then send /v1/chat/completions	Live local runtime smoke succeeded with throughput-focused fixture; see evidence for command, status, model list, chat response, and cleanup.	.sisyphus/evidence/task-11-manual-runtime-smoke.txt	PASS
throughput.cpu_affinity	docs/skippy/manual-smoke/fixtures/throughput/runtime-single-stage.toml	python3 docs/skippy/manual-smoke/runtime_smoke.py --binary target/debug/mesh-llm --fixture docs/skippy/manual-smoke/fixtures/throughput/runtime-single-stage.toml --model-path $MESH_LLM_SMOKE_MODEL_PATH --api-port 9439 --console-port 3233 --max-wait 600	unsloth/Qwen3.5-4B-GGUF:UD-Q4_K_XL	wait for /api/status and /v1/models, then send /v1/chat/completions	Live local runtime smoke succeeded with throughput-focused fixture; see evidence for command, status, model list, chat response, and cleanup.	.sisyphus/evidence/task-11-manual-runtime-smoke.txt	PASS
throughput.numa	docs/skippy/manual-smoke/fixtures/throughput/runtime-single-stage.toml	python3 docs/skippy/manual-smoke/runtime_smoke.py --binary target/debug/mesh-llm --fixture docs/skippy/manual-smoke/fixtures/throughput/runtime-single-stage.toml --model-path $MESH_LLM_SMOKE_MODEL_PATH --api-port 9439 --console-port 3233 --max-wait 600	unsloth/Qwen3.5-4B-GGUF:UD-Q4_K_XL	wait for /api/status and /v1/models, then send /v1/chat/completions	Live local runtime smoke succeeded with throughput-focused fixture; see evidence for command, status, model list, chat response, and cleanup.	.sisyphus/evidence/task-11-manual-runtime-smoke.txt	PASS
throughput.slot_prompt_similarity	docs/skippy/manual-smoke/fixtures/throughput/runtime-single-stage.toml	python3 docs/skippy/manual-smoke/runtime_smoke.py --binary target/debug/mesh-llm --fixture docs/skippy/manual-smoke/fixtures/throughput/runtime-single-stage.toml --model-path $MESH_LLM_SMOKE_MODEL_PATH --api-port 9439 --console-port 3233 --max-wait 600	unsloth/Qwen3.5-4B-GGUF:UD-Q4_K_XL	wait for /api/status and /v1/models, then send /v1/chat/completions	Live local runtime smoke succeeded with throughput-focused fixture; see evidence for command, status, model list, chat response, and cleanup.	.sisyphus/evidence/task-11-manual-runtime-smoke.txt	PASS
throughput.tuning_profile	docs/skippy/manual-smoke/fixtures/throughput/runtime-single-stage.toml	python3 docs/skippy/manual-smoke/runtime_smoke.py --binary target/debug/mesh-llm --fixture docs/skippy/manual-smoke/fixtures/throughput/runtime-single-stage.toml --model-path $MESH_LLM_SMOKE_MODEL_PATH --api-port 9439 --console-port 3233 --max-wait 600	unsloth/Qwen3.5-4B-GGUF:UD-Q4_K_XL	wait for /api/status and /v1/models, then send /v1/chat/completions	Live local runtime smoke succeeded with throughput-focused fixture; see evidence for command, status, model list, chat response, and cleanup.	.sisyphus/evidence/task-11-manual-runtime-smoke.txt	PASS
throughput.threads_http	docs/skippy/manual-smoke/fixtures/throughput/rejected-operational.toml	target/debug/mesh-llm serve --config docs/skippy/manual-smoke/fixtures/throughput/rejected-operational.toml --headless	n/a (expected rejection)	capture nonzero exit and missing launch in stderr	Observed direct rejection: defaults.throughput.threads_http is documented-rejected and must not be set.	.sisyphus/evidence/task-11-manual-runtime-smoke-error.txt	EXPECTED_REJECTED_PASS
throughput.sleep_idle_seconds	docs/skippy/manual-smoke/fixtures/throughput/rejected-operational.toml	target/debug/mesh-llm serve --config docs/skippy/manual-smoke/fixtures/throughput/rejected-operational.toml --headless	unsloth/Qwen3.5-4B-GGUF:UD-Q4_K_XL	capture nonzero exit and missing launch in stderr	Shared negative fixture failed on an earlier field, so this key does not yet have isolated row-specific rejection evidence.	.sisyphus/evidence/task-11-manual-runtime-smoke-error.txt	BLOCKED_EVIDENCE_GAP
skippy.stage_model_path	docs/skippy/manual-smoke/fixtures/skippy/staged-only.toml	target/debug/mesh-llm serve --config docs/skippy/manual-smoke/fixtures/skippy/staged-only.toml --headless	unsloth/Qwen3.5-4B-GGUF:UD-Q4_K_XL	capture nonzero exit and missing launch in stderr	Local single-node smoke did not yield deterministic fail-before-launch evidence for staged-only controls; staged/package topology still needs dedicated local or multi-node proof.	.sisyphus/evidence/task-11-manual-runtime-smoke-error.txt	BLOCKED_STAGED_LOCAL
skippy.stage_role	docs/skippy/manual-smoke/fixtures/skippy/staged-only.toml	target/debug/mesh-llm serve --config docs/skippy/manual-smoke/fixtures/skippy/staged-only.toml --headless	unsloth/Qwen3.5-4B-GGUF:UD-Q4_K_XL	capture nonzero exit and missing launch in stderr	Local single-node smoke did not yield deterministic fail-before-launch evidence for staged-only controls; staged/package topology still needs dedicated local or multi-node proof.	.sisyphus/evidence/task-11-manual-runtime-smoke-error.txt	BLOCKED_STAGED_LOCAL
skippy.stage_topology	docs/skippy/manual-smoke/fixtures/skippy/staged-only.toml	target/debug/mesh-llm serve --config docs/skippy/manual-smoke/fixtures/skippy/staged-only.toml --headless	unsloth/Qwen3.5-4B-GGUF:UD-Q4_K_XL	capture nonzero exit and missing launch in stderr	Local single-node smoke did not yield deterministic fail-before-launch evidence for staged-only controls; staged/package topology still needs dedicated local or multi-node proof.	.sisyphus/evidence/task-11-manual-runtime-smoke-error.txt	BLOCKED_STAGED_LOCAL
skippy.activation_wire_dtype	docs/skippy/manual-smoke/fixtures/skippy/staged-only.toml	target/debug/mesh-llm serve --config docs/skippy/manual-smoke/fixtures/skippy/staged-only.toml --headless	unsloth/Qwen3.5-4B-GGUF:UD-Q4_K_XL	capture nonzero exit and missing launch in stderr	Local single-node smoke did not yield deterministic fail-before-launch evidence for staged-only controls; staged/package topology still needs dedicated local or multi-node proof.	.sisyphus/evidence/task-11-manual-runtime-smoke-error.txt	BLOCKED_STAGED_LOCAL
skippy.binary_stage_transport	docs/skippy/manual-smoke/fixtures/skippy/staged-only.toml	target/debug/mesh-llm serve --config docs/skippy/manual-smoke/fixtures/skippy/staged-only.toml --headless	unsloth/Qwen3.5-4B-GGUF:UD-Q4_K_XL	capture nonzero exit and missing launch in stderr	Local single-node smoke did not yield deterministic fail-before-launch evidence for staged-only controls; staged/package topology still needs dedicated local or multi-node proof.	.sisyphus/evidence/task-11-manual-runtime-smoke-error.txt	BLOCKED_STAGED_LOCAL
skippy.lifecycle_startup_timeout_ms	docs/skippy/manual-smoke/fixtures/skippy/staged-only.toml	target/debug/mesh-llm serve --config docs/skippy/manual-smoke/fixtures/skippy/staged-only.toml --headless	unsloth/Qwen3.5-4B-GGUF:UD-Q4_K_XL	capture nonzero exit and missing launch in stderr	Local single-node smoke did not yield deterministic fail-before-launch evidence for staged-only controls; staged/package topology still needs dedicated local or multi-node proof.	.sisyphus/evidence/task-11-manual-runtime-smoke-error.txt	BLOCKED_STAGED_LOCAL
skippy.lifecycle_readiness_interval_ms	docs/skippy/manual-smoke/fixtures/skippy/staged-only.toml	target/debug/mesh-llm serve --config docs/skippy/manual-smoke/fixtures/skippy/staged-only.toml --headless	unsloth/Qwen3.5-4B-GGUF:UD-Q4_K_XL	capture nonzero exit and missing launch in stderr	Local single-node smoke did not yield deterministic fail-before-launch evidence for staged-only controls; staged/package topology still needs dedicated local or multi-node proof.	.sisyphus/evidence/task-11-manual-runtime-smoke-error.txt	BLOCKED_STAGED_LOCAL
skippy.lifecycle_health_interval_ms	docs/skippy/manual-smoke/fixtures/skippy/staged-only.toml	target/debug/mesh-llm serve --config docs/skippy/manual-smoke/fixtures/skippy/staged-only.toml --headless	unsloth/Qwen3.5-4B-GGUF:UD-Q4_K_XL	capture nonzero exit and missing launch in stderr	Local single-node smoke did not yield deterministic fail-before-launch evidence for staged-only controls; staged/package topology still needs dedicated local or multi-node proof.	.sisyphus/evidence/task-11-manual-runtime-smoke-error.txt	BLOCKED_STAGED_LOCAL
skippy.prefill_chunking	docs/skippy/manual-smoke/fixtures/skippy/staged-only.toml	target/debug/mesh-llm serve --config docs/skippy/manual-smoke/fixtures/skippy/staged-only.toml --headless	unsloth/Qwen3.5-4B-GGUF:UD-Q4_K_XL	capture nonzero exit and missing launch in stderr	Local single-node smoke did not yield deterministic fail-before-launch evidence for staged-only controls; staged/package topology still needs dedicated local or multi-node proof.	.sisyphus/evidence/task-11-manual-runtime-smoke-error.txt	BLOCKED_STAGED_LOCAL
skippy.prefill_chunk_size	docs/skippy/manual-smoke/fixtures/skippy/staged-only.toml	target/debug/mesh-llm serve --config docs/skippy/manual-smoke/fixtures/skippy/staged-only.toml --headless	unsloth/Qwen3.5-4B-GGUF:UD-Q4_K_XL	capture nonzero exit and missing launch in stderr	Local single-node smoke did not yield deterministic fail-before-launch evidence for staged-only controls; staged/package topology still needs dedicated local or multi-node proof.	.sisyphus/evidence/task-11-manual-runtime-smoke-error.txt	BLOCKED_STAGED_LOCAL
skippy.prefill_chunk_schedule	docs/skippy/manual-smoke/fixtures/skippy/staged-only.toml	target/debug/mesh-llm serve --config docs/skippy/manual-smoke/fixtures/skippy/staged-only.toml --headless	unsloth/Qwen3.5-4B-GGUF:UD-Q4_K_XL	capture nonzero exit and missing launch in stderr	Local single-node smoke did not yield deterministic fail-before-launch evidence for staged-only controls; staged/package topology still needs dedicated local or multi-node proof.	.sisyphus/evidence/task-11-manual-runtime-smoke-error.txt	BLOCKED_STAGED_LOCAL
skippy.openai_frontend_mode	docs/skippy/manual-smoke/fixtures/skippy/rejected-operational.toml	target/debug/mesh-llm serve --config docs/skippy/manual-smoke/fixtures/skippy/rejected-operational.toml --headless	n/a (expected rejection)	capture nonzero exit and missing launch in stderr	Observed direct rejection: defaults.skippy.openai_frontend_mode is documented-rejected and must not be set.	.sisyphus/evidence/task-11-manual-runtime-smoke-error.txt	EXPECTED_REJECTED_PASS
speculative.mode	docs/skippy/manual-smoke/fixtures/speculative/runtime-warn-disable.toml	python3 docs/skippy/manual-smoke/runtime_smoke.py --binary target/debug/mesh-llm --fixture docs/skippy/manual-smoke/fixtures/speculative/runtime-warn-disable.toml --model-path $MESH_LLM_SMOKE_MODEL_PATH --draft-path $MESH_LLM_SMOKE_DRAFT_PATH --api-port 9442 --console-port 3236 --max-wait 600	main unsloth/Qwen3.5-4B-GGUF:UD-Q4_K_XL with draft from $MESH_LLM_SMOKE_DRAFT_PATH	runtime resolves incompatible draft with warn_disable and still serves single-stage requests	Live local runtime smoke succeeded with speculative warn_disable fixture; incompatible draft was tolerated and serving still came up.	.sisyphus/evidence/task-11-manual-runtime-smoke.txt	PASS
speculative.draft_model_path	docs/skippy/manual-smoke/fixtures/speculative/runtime-warn-disable.toml	python3 docs/skippy/manual-smoke/runtime_smoke.py --binary target/debug/mesh-llm --fixture docs/skippy/manual-smoke/fixtures/speculative/runtime-warn-disable.toml --model-path $MESH_LLM_SMOKE_MODEL_PATH --draft-path $MESH_LLM_SMOKE_DRAFT_PATH --api-port 9442 --console-port 3236 --max-wait 600	main unsloth/Qwen3.5-4B-GGUF:UD-Q4_K_XL with draft from $MESH_LLM_SMOKE_DRAFT_PATH	runtime resolves incompatible draft with warn_disable and still serves single-stage requests	Live local runtime smoke succeeded with speculative warn_disable fixture; incompatible draft was tolerated and serving still came up.	.sisyphus/evidence/task-11-manual-runtime-smoke.txt	PASS
speculative.draft_selection_policy	docs/skippy/manual-smoke/fixtures/speculative/runtime-warn-disable.toml	python3 docs/skippy/manual-smoke/runtime_smoke.py --binary target/debug/mesh-llm --fixture docs/skippy/manual-smoke/fixtures/speculative/runtime-warn-disable.toml --model-path $MESH_LLM_SMOKE_MODEL_PATH --draft-path $MESH_LLM_SMOKE_DRAFT_PATH --api-port 9442 --console-port 3236 --max-wait 600	main unsloth/Qwen3.5-4B-GGUF:UD-Q4_K_XL with draft from $MESH_LLM_SMOKE_DRAFT_PATH	runtime resolves incompatible draft with warn_disable and still serves single-stage requests	Live local runtime smoke succeeded with speculative warn_disable fixture; incompatible draft was tolerated and serving still came up.	.sisyphus/evidence/task-11-manual-runtime-smoke.txt	PASS
speculative.pairing_fault	docs/skippy/manual-smoke/fixtures/speculative/runtime-warn-disable.toml	python3 docs/skippy/manual-smoke/runtime_smoke.py --binary target/debug/mesh-llm --fixture docs/skippy/manual-smoke/fixtures/speculative/runtime-warn-disable.toml --model-path $MESH_LLM_SMOKE_MODEL_PATH --draft-path $MESH_LLM_SMOKE_DRAFT_PATH --api-port 9442 --console-port 3236 --max-wait 600	main unsloth/Qwen3.5-4B-GGUF:UD-Q4_K_XL with draft from $MESH_LLM_SMOKE_DRAFT_PATH	runtime resolves incompatible draft with warn_disable and still serves single-stage requests	Live local runtime smoke succeeded with speculative warn_disable fixture; incompatible draft was tolerated and serving still came up.	.sisyphus/evidence/task-11-manual-runtime-smoke.txt	PASS
speculative.draft_max_tokens	docs/skippy/manual-smoke/fixtures/speculative/runtime-warn-disable.toml	python3 docs/skippy/manual-smoke/runtime_smoke.py --binary target/debug/mesh-llm --fixture docs/skippy/manual-smoke/fixtures/speculative/runtime-warn-disable.toml --model-path $MESH_LLM_SMOKE_MODEL_PATH --draft-path $MESH_LLM_SMOKE_DRAFT_PATH --api-port 9442 --console-port 3236 --max-wait 600	main unsloth/Qwen3.5-4B-GGUF:UD-Q4_K_XL with draft from $MESH_LLM_SMOKE_DRAFT_PATH	runtime resolves incompatible draft with warn_disable and still serves single-stage requests	Live local runtime smoke succeeded with speculative warn_disable fixture; incompatible draft was tolerated and serving still came up.	.sisyphus/evidence/task-11-manual-runtime-smoke.txt	PASS
speculative.draft_gpu_layers	docs/skippy/manual-smoke/fixtures/speculative/runtime-warn-disable.toml	python3 docs/skippy/manual-smoke/runtime_smoke.py --binary target/debug/mesh-llm --fixture docs/skippy/manual-smoke/fixtures/speculative/runtime-warn-disable.toml --model-path $MESH_LLM_SMOKE_MODEL_PATH --draft-path $MESH_LLM_SMOKE_DRAFT_PATH --api-port 9442 --console-port 3236 --max-wait 600	main unsloth/Qwen3.5-4B-GGUF:UD-Q4_K_XL with draft from $MESH_LLM_SMOKE_DRAFT_PATH	runtime resolves incompatible draft with warn_disable and still serves single-stage requests	Live local runtime smoke succeeded with speculative warn_disable fixture; incompatible draft was tolerated and serving still came up.	.sisyphus/evidence/task-11-manual-runtime-smoke.txt	PASS
speculative.draft_hf_repo	docs/skippy/manual-smoke/fixtures/speculative/rejected-reserved.toml	target/debug/mesh-llm serve --config docs/skippy/manual-smoke/fixtures/speculative/rejected-reserved.toml --headless	unsloth/Qwen3.5-4B-GGUF:UD-Q4_K_XL	capture nonzero exit and missing launch in stderr	Shared negative fixture failed on an earlier field, so this key does not yet have isolated row-specific rejection evidence.	.sisyphus/evidence/task-11-manual-runtime-smoke-error.txt	BLOCKED_EVIDENCE_GAP
speculative.draft_hf_file	docs/skippy/manual-smoke/fixtures/speculative/rejected-reserved.toml	target/debug/mesh-llm serve --config docs/skippy/manual-smoke/fixtures/speculative/rejected-reserved.toml --headless	unsloth/Qwen3.5-4B-GGUF:UD-Q4_K_XL	capture nonzero exit and missing launch in stderr	Shared negative fixture failed on an earlier field, so this key does not yet have isolated row-specific rejection evidence.	.sisyphus/evidence/task-11-manual-runtime-smoke-error.txt	BLOCKED_EVIDENCE_GAP
speculative.draft_min_tokens	docs/skippy/manual-smoke/fixtures/speculative/rejected-reserved.toml	target/debug/mesh-llm serve --config docs/skippy/manual-smoke/fixtures/speculative/rejected-reserved.toml --headless	unsloth/Qwen3.5-4B-GGUF:UD-Q4_K_XL	capture nonzero exit and missing launch in stderr	Shared negative fixture failed on an earlier field, so this key does not yet have isolated row-specific rejection evidence.	.sisyphus/evidence/task-11-manual-runtime-smoke-error.txt	BLOCKED_EVIDENCE_GAP
speculative.draft_acceptance_threshold	docs/skippy/manual-smoke/fixtures/speculative/rejected-reserved.toml	target/debug/mesh-llm serve --config docs/skippy/manual-smoke/fixtures/speculative/rejected-reserved.toml --headless	unsloth/Qwen3.5-4B-GGUF:UD-Q4_K_XL	capture nonzero exit and missing launch in stderr	Shared negative fixture failed on an earlier field, so this key does not yet have isolated row-specific rejection evidence.	.sisyphus/evidence/task-11-manual-runtime-smoke-error.txt	BLOCKED_EVIDENCE_GAP
speculative.draft_split_probability	docs/skippy/manual-smoke/fixtures/speculative/rejected-reserved.toml	target/debug/mesh-llm serve --config docs/skippy/manual-smoke/fixtures/speculative/rejected-reserved.toml --headless	unsloth/Qwen3.5-4B-GGUF:UD-Q4_K_XL	capture nonzero exit and missing launch in stderr	Shared negative fixture failed on an earlier field, so this key does not yet have isolated row-specific rejection evidence.	.sisyphus/evidence/task-11-manual-runtime-smoke-error.txt	BLOCKED_EVIDENCE_GAP
speculative.draft_device	docs/skippy/manual-smoke/fixtures/speculative/rejected-reserved.toml	target/debug/mesh-llm serve --config docs/skippy/manual-smoke/fixtures/speculative/rejected-reserved.toml --headless	unsloth/Qwen3.5-4B-GGUF:UD-Q4_K_XL	capture nonzero exit and missing launch in stderr	Shared negative fixture failed on an earlier field, so this key does not yet have isolated row-specific rejection evidence.	.sisyphus/evidence/task-11-manual-runtime-smoke-error.txt	BLOCKED_EVIDENCE_GAP
speculative.draft_threads	docs/skippy/manual-smoke/fixtures/speculative/rejected-reserved.toml	target/debug/mesh-llm serve --config docs/skippy/manual-smoke/fixtures/speculative/rejected-reserved.toml --headless	unsloth/Qwen3.5-4B-GGUF:UD-Q4_K_XL	capture nonzero exit and missing launch in stderr	Shared negative fixture failed on an earlier field, so this key does not yet have isolated row-specific rejection evidence.	.sisyphus/evidence/task-11-manual-runtime-smoke-error.txt	BLOCKED_EVIDENCE_GAP
speculative.draft_cache_type_k	docs/skippy/manual-smoke/fixtures/speculative/rejected-reserved.toml	target/debug/mesh-llm serve --config docs/skippy/manual-smoke/fixtures/speculative/rejected-reserved.toml --headless	unsloth/Qwen3.5-4B-GGUF:UD-Q4_K_XL	capture nonzero exit and missing launch in stderr	Shared negative fixture failed on an earlier field, so this key does not yet have isolated row-specific rejection evidence.	.sisyphus/evidence/task-11-manual-runtime-smoke-error.txt	BLOCKED_EVIDENCE_GAP
speculative.draft_cache_type_v	docs/skippy/manual-smoke/fixtures/speculative/rejected-reserved.toml	target/debug/mesh-llm serve --config docs/skippy/manual-smoke/fixtures/speculative/rejected-reserved.toml --headless	unsloth/Qwen3.5-4B-GGUF:UD-Q4_K_XL	capture nonzero exit and missing launch in stderr	Shared negative fixture failed on an earlier field, so this key does not yet have isolated row-specific rejection evidence.	.sisyphus/evidence/task-11-manual-runtime-smoke-error.txt	BLOCKED_EVIDENCE_GAP
speculative.ngram_min	docs/skippy/manual-smoke/fixtures/speculative/rejected-reserved.toml	target/debug/mesh-llm serve --config docs/skippy/manual-smoke/fixtures/speculative/rejected-reserved.toml --headless	unsloth/Qwen3.5-4B-GGUF:UD-Q4_K_XL	capture nonzero exit and missing launch in stderr	Shared negative fixture failed on an earlier field, so this key does not yet have isolated row-specific rejection evidence.	.sisyphus/evidence/task-11-manual-runtime-smoke-error.txt	BLOCKED_EVIDENCE_GAP
speculative.ngram_max	docs/skippy/manual-smoke/fixtures/speculative/rejected-reserved.toml	target/debug/mesh-llm serve --config docs/skippy/manual-smoke/fixtures/speculative/rejected-reserved.toml --headless	unsloth/Qwen3.5-4B-GGUF:UD-Q4_K_XL	capture nonzero exit and missing launch in stderr	Shared negative fixture failed on an earlier field, so this key does not yet have isolated row-specific rejection evidence.	.sisyphus/evidence/task-11-manual-runtime-smoke-error.txt	BLOCKED_EVIDENCE_GAP
speculative.spec_default	docs/skippy/manual-smoke/fixtures/speculative/rejected-reserved.toml	target/debug/mesh-llm serve --config docs/skippy/manual-smoke/fixtures/speculative/rejected-reserved.toml --headless	unsloth/Qwen3.5-4B-GGUF:UD-Q4_K_XL	capture nonzero exit and missing launch in stderr	Shared negative fixture failed on an earlier field, so this key does not yet have isolated row-specific rejection evidence.	.sisyphus/evidence/task-11-manual-runtime-smoke-error.txt	BLOCKED_EVIDENCE_GAP
request_defaults.max_tokens	docs/skippy/manual-smoke/fixtures/request_defaults/runtime-supported.toml	python3 docs/skippy/manual-smoke/runtime_smoke.py --binary target/debug/mesh-llm --fixture docs/skippy/manual-smoke/fixtures/request_defaults/runtime-supported.toml --model-path $MESH_LLM_SMOKE_MODEL_PATH --api-port 9440 --console-port 3234 --max-wait 600	unsloth/Qwen3.5-4B-GGUF:UD-Q4_K_XL	send /v1/chat/completions without sampling overrides, then with explicit request overrides	Live local runtime smoke succeeded with supported request defaults fixture; see evidence for command, status, model list, chat response, and cleanup.	.sisyphus/evidence/task-11-manual-runtime-smoke.txt	PASS
request_defaults.stop	docs/skippy/manual-smoke/fixtures/request_defaults/runtime-supported.toml	python3 docs/skippy/manual-smoke/runtime_smoke.py --binary target/debug/mesh-llm --fixture docs/skippy/manual-smoke/fixtures/request_defaults/runtime-supported.toml --model-path $MESH_LLM_SMOKE_MODEL_PATH --api-port 9440 --console-port 3234 --max-wait 600	unsloth/Qwen3.5-4B-GGUF:UD-Q4_K_XL	send /v1/chat/completions without sampling overrides, then with explicit request overrides	Live local runtime smoke succeeded with supported request defaults fixture; see evidence for command, status, model list, chat response, and cleanup.	.sisyphus/evidence/task-11-manual-runtime-smoke.txt	PASS
request_defaults.temperature	docs/skippy/manual-smoke/fixtures/request_defaults/runtime-supported.toml	python3 docs/skippy/manual-smoke/runtime_smoke.py --binary target/debug/mesh-llm --fixture docs/skippy/manual-smoke/fixtures/request_defaults/runtime-supported.toml --model-path $MESH_LLM_SMOKE_MODEL_PATH --api-port 9440 --console-port 3234 --max-wait 600	unsloth/Qwen3.5-4B-GGUF:UD-Q4_K_XL	send /v1/chat/completions without sampling overrides, then with explicit request overrides	Live local runtime smoke succeeded with supported request defaults fixture; see evidence for command, status, model list, chat response, and cleanup.	.sisyphus/evidence/task-11-manual-runtime-smoke.txt	PASS
request_defaults.top_p	docs/skippy/manual-smoke/fixtures/request_defaults/runtime-supported.toml	python3 docs/skippy/manual-smoke/runtime_smoke.py --binary target/debug/mesh-llm --fixture docs/skippy/manual-smoke/fixtures/request_defaults/runtime-supported.toml --model-path $MESH_LLM_SMOKE_MODEL_PATH --api-port 9440 --console-port 3234 --max-wait 600	unsloth/Qwen3.5-4B-GGUF:UD-Q4_K_XL	send /v1/chat/completions without sampling overrides, then with explicit request overrides	Live local runtime smoke succeeded with supported request defaults fixture; see evidence for command, status, model list, chat response, and cleanup.	.sisyphus/evidence/task-11-manual-runtime-smoke.txt	PASS
request_defaults.top_k	docs/skippy/manual-smoke/fixtures/request_defaults/runtime-supported.toml	python3 docs/skippy/manual-smoke/runtime_smoke.py --binary target/debug/mesh-llm --fixture docs/skippy/manual-smoke/fixtures/request_defaults/runtime-supported.toml --model-path $MESH_LLM_SMOKE_MODEL_PATH --api-port 9440 --console-port 3234 --max-wait 600	unsloth/Qwen3.5-4B-GGUF:UD-Q4_K_XL	send /v1/chat/completions without sampling overrides, then with explicit request overrides	Live local runtime smoke succeeded with supported request defaults fixture; see evidence for command, status, model list, chat response, and cleanup.	.sisyphus/evidence/task-11-manual-runtime-smoke.txt	PASS
request_defaults.min_p	docs/skippy/manual-smoke/fixtures/request_defaults/runtime-supported.toml	python3 docs/skippy/manual-smoke/runtime_smoke.py --binary target/debug/mesh-llm --fixture docs/skippy/manual-smoke/fixtures/request_defaults/runtime-supported.toml --model-path $MESH_LLM_SMOKE_MODEL_PATH --api-port 9440 --console-port 3234 --max-wait 600	unsloth/Qwen3.5-4B-GGUF:UD-Q4_K_XL	send /v1/chat/completions without sampling overrides, then with explicit request overrides	Live local runtime smoke succeeded with supported request defaults fixture; see evidence for command, status, model list, chat response, and cleanup.	.sisyphus/evidence/task-11-manual-runtime-smoke.txt	PASS
request_defaults.repeat_penalty	docs/skippy/manual-smoke/fixtures/request_defaults/runtime-supported.toml	python3 docs/skippy/manual-smoke/runtime_smoke.py --binary target/debug/mesh-llm --fixture docs/skippy/manual-smoke/fixtures/request_defaults/runtime-supported.toml --model-path $MESH_LLM_SMOKE_MODEL_PATH --api-port 9440 --console-port 3234 --max-wait 600	unsloth/Qwen3.5-4B-GGUF:UD-Q4_K_XL	send /v1/chat/completions without sampling overrides, then with explicit request overrides	Live local runtime smoke succeeded with supported request defaults fixture; see evidence for command, status, model list, chat response, and cleanup.	.sisyphus/evidence/task-11-manual-runtime-smoke.txt	PASS
request_defaults.repeat_last_n	docs/skippy/manual-smoke/fixtures/request_defaults/runtime-supported.toml	python3 docs/skippy/manual-smoke/runtime_smoke.py --binary target/debug/mesh-llm --fixture docs/skippy/manual-smoke/fixtures/request_defaults/runtime-supported.toml --model-path $MESH_LLM_SMOKE_MODEL_PATH --api-port 9440 --console-port 3234 --max-wait 600	unsloth/Qwen3.5-4B-GGUF:UD-Q4_K_XL	send /v1/chat/completions without sampling overrides, then with explicit request overrides	Live local runtime smoke succeeded with supported request defaults fixture; see evidence for command, status, model list, chat response, and cleanup.	.sisyphus/evidence/task-11-manual-runtime-smoke.txt	PASS
request_defaults.presence_penalty	docs/skippy/manual-smoke/fixtures/request_defaults/runtime-supported.toml	python3 docs/skippy/manual-smoke/runtime_smoke.py --binary target/debug/mesh-llm --fixture docs/skippy/manual-smoke/fixtures/request_defaults/runtime-supported.toml --model-path $MESH_LLM_SMOKE_MODEL_PATH --api-port 9440 --console-port 3234 --max-wait 600	unsloth/Qwen3.5-4B-GGUF:UD-Q4_K_XL	send /v1/chat/completions without sampling overrides, then with explicit request overrides	Live local runtime smoke succeeded with supported request defaults fixture; see evidence for command, status, model list, chat response, and cleanup.	.sisyphus/evidence/task-11-manual-runtime-smoke.txt	PASS
request_defaults.frequency_penalty	docs/skippy/manual-smoke/fixtures/request_defaults/runtime-supported.toml	python3 docs/skippy/manual-smoke/runtime_smoke.py --binary target/debug/mesh-llm --fixture docs/skippy/manual-smoke/fixtures/request_defaults/runtime-supported.toml --model-path $MESH_LLM_SMOKE_MODEL_PATH --api-port 9440 --console-port 3234 --max-wait 600	unsloth/Qwen3.5-4B-GGUF:UD-Q4_K_XL	send /v1/chat/completions without sampling overrides, then with explicit request overrides	Live local runtime smoke succeeded with supported request defaults fixture; see evidence for command, status, model list, chat response, and cleanup.	.sisyphus/evidence/task-11-manual-runtime-smoke.txt	PASS
request_defaults.seed	docs/skippy/manual-smoke/fixtures/request_defaults/runtime-supported.toml	python3 docs/skippy/manual-smoke/runtime_smoke.py --binary target/debug/mesh-llm --fixture docs/skippy/manual-smoke/fixtures/request_defaults/runtime-supported.toml --model-path $MESH_LLM_SMOKE_MODEL_PATH --api-port 9440 --console-port 3234 --max-wait 600	unsloth/Qwen3.5-4B-GGUF:UD-Q4_K_XL	send /v1/chat/completions without sampling overrides, then with explicit request overrides	Live local runtime smoke succeeded with supported request defaults fixture; see evidence for command, status, model list, chat response, and cleanup.	.sisyphus/evidence/task-11-manual-runtime-smoke.txt	PASS
request_defaults.logit_bias	docs/skippy/manual-smoke/fixtures/request_defaults/runtime-supported.toml	python3 docs/skippy/manual-smoke/runtime_smoke.py --binary target/debug/mesh-llm --fixture docs/skippy/manual-smoke/fixtures/request_defaults/runtime-supported.toml --model-path $MESH_LLM_SMOKE_MODEL_PATH --api-port 9440 --console-port 3234 --max-wait 600	unsloth/Qwen3.5-4B-GGUF:UD-Q4_K_XL	send /v1/chat/completions without sampling overrides, then with explicit request overrides	Live local runtime smoke succeeded with supported request defaults fixture; see evidence for command, status, model list, chat response, and cleanup.	.sisyphus/evidence/task-11-manual-runtime-smoke.txt	PASS
request_defaults.reasoning_format	docs/skippy/manual-smoke/fixtures/request_defaults/runtime-supported.toml	python3 docs/skippy/manual-smoke/runtime_smoke.py --binary target/debug/mesh-llm --fixture docs/skippy/manual-smoke/fixtures/request_defaults/runtime-supported.toml --model-path $MESH_LLM_SMOKE_MODEL_PATH --api-port 9440 --console-port 3234 --max-wait 600	unsloth/Qwen3.5-4B-GGUF:UD-Q4_K_XL	send /v1/chat/completions without sampling overrides, then with explicit request overrides	Live local runtime smoke succeeded with supported request defaults fixture; see evidence for command, status, model list, chat response, and cleanup.	.sisyphus/evidence/task-11-manual-runtime-smoke.txt	PASS
request_defaults.reasoning_enabled	docs/skippy/manual-smoke/fixtures/request_defaults/runtime-supported.toml	python3 docs/skippy/manual-smoke/runtime_smoke.py --binary target/debug/mesh-llm --fixture docs/skippy/manual-smoke/fixtures/request_defaults/runtime-supported.toml --model-path $MESH_LLM_SMOKE_MODEL_PATH --api-port 9440 --console-port 3234 --max-wait 600	unsloth/Qwen3.5-4B-GGUF:UD-Q4_K_XL	send /v1/chat/completions without sampling overrides, then with explicit request overrides	Live local runtime smoke succeeded with supported request defaults fixture; see evidence for command, status, model list, chat response, and cleanup.	.sisyphus/evidence/task-11-manual-runtime-smoke.txt	PASS
request_defaults.reasoning_budget	docs/skippy/manual-smoke/fixtures/request_defaults/runtime-supported.toml	python3 docs/skippy/manual-smoke/runtime_smoke.py --binary target/debug/mesh-llm --fixture docs/skippy/manual-smoke/fixtures/request_defaults/runtime-supported.toml --model-path $MESH_LLM_SMOKE_MODEL_PATH --api-port 9440 --console-port 3234 --max-wait 600	unsloth/Qwen3.5-4B-GGUF:UD-Q4_K_XL	send /v1/chat/completions without sampling overrides, then with explicit request overrides	Live local runtime smoke succeeded with supported request defaults fixture; see evidence for command, status, model list, chat response, and cleanup.	.sisyphus/evidence/task-11-manual-runtime-smoke.txt	PASS
request_defaults.typical_p	docs/skippy/manual-smoke/fixtures/request_defaults/rejected-unsupported.toml	target/debug/mesh-llm serve --config docs/skippy/manual-smoke/fixtures/request_defaults/rejected-unsupported.toml --headless	unsloth/Qwen3.5-4B-GGUF:UD-Q4_K_XL	capture nonzero exit and missing launch in stderr	Shared negative fixture failed on an earlier field, so this key does not yet have isolated row-specific rejection evidence.	.sisyphus/evidence/task-11-manual-runtime-smoke-error.txt	BLOCKED_EVIDENCE_GAP
request_defaults.top_nsigma	docs/skippy/manual-smoke/fixtures/request_defaults/rejected-unsupported.toml	target/debug/mesh-llm serve --config docs/skippy/manual-smoke/fixtures/request_defaults/rejected-unsupported.toml --headless	unsloth/Qwen3.5-4B-GGUF:UD-Q4_K_XL	capture nonzero exit and missing launch in stderr	Shared negative fixture failed on an earlier field, so this key does not yet have isolated row-specific rejection evidence.	.sisyphus/evidence/task-11-manual-runtime-smoke-error.txt	BLOCKED_EVIDENCE_GAP
request_defaults.dynatemp_range	docs/skippy/manual-smoke/fixtures/request_defaults/rejected-unsupported.toml	target/debug/mesh-llm serve --config docs/skippy/manual-smoke/fixtures/request_defaults/rejected-unsupported.toml --headless	unsloth/Qwen3.5-4B-GGUF:UD-Q4_K_XL	capture nonzero exit and missing launch in stderr	Shared negative fixture failed on an earlier field, so this key does not yet have isolated row-specific rejection evidence.	.sisyphus/evidence/task-11-manual-runtime-smoke-error.txt	BLOCKED_EVIDENCE_GAP
request_defaults.dynatemp_exponent	docs/skippy/manual-smoke/fixtures/request_defaults/rejected-unsupported.toml	target/debug/mesh-llm serve --config docs/skippy/manual-smoke/fixtures/request_defaults/rejected-unsupported.toml --headless	unsloth/Qwen3.5-4B-GGUF:UD-Q4_K_XL	capture nonzero exit and missing launch in stderr	Shared negative fixture failed on an earlier field, so this key does not yet have isolated row-specific rejection evidence.	.sisyphus/evidence/task-11-manual-runtime-smoke-error.txt	BLOCKED_EVIDENCE_GAP
request_defaults.dry.*	docs/skippy/manual-smoke/fixtures/request_defaults/rejected-unsupported.toml	target/debug/mesh-llm serve --config docs/skippy/manual-smoke/fixtures/request_defaults/rejected-unsupported.toml --headless	unsloth/Qwen3.5-4B-GGUF:UD-Q4_K_XL	capture nonzero exit and missing launch in stderr	Shared negative fixture failed on an earlier field, so this key does not yet have isolated row-specific rejection evidence.	.sisyphus/evidence/task-11-manual-runtime-smoke-error.txt	BLOCKED_EVIDENCE_GAP
request_defaults.xtc.*	docs/skippy/manual-smoke/fixtures/request_defaults/rejected-unsupported.toml	target/debug/mesh-llm serve --config docs/skippy/manual-smoke/fixtures/request_defaults/rejected-unsupported.toml --headless	unsloth/Qwen3.5-4B-GGUF:UD-Q4_K_XL	capture nonzero exit and missing launch in stderr	Shared negative fixture failed on an earlier field, so this key does not yet have isolated row-specific rejection evidence.	.sisyphus/evidence/task-11-manual-runtime-smoke-error.txt	BLOCKED_EVIDENCE_GAP
request_defaults.adaptive.*	docs/skippy/manual-smoke/fixtures/request_defaults/rejected-unsupported.toml	target/debug/mesh-llm serve --config docs/skippy/manual-smoke/fixtures/request_defaults/rejected-unsupported.toml --headless	unsloth/Qwen3.5-4B-GGUF:UD-Q4_K_XL	capture nonzero exit and missing launch in stderr	Shared negative fixture failed on an earlier field, so this key does not yet have isolated row-specific rejection evidence.	.sisyphus/evidence/task-11-manual-runtime-smoke-error.txt	BLOCKED_EVIDENCE_GAP
request_defaults.mirostat_mode	docs/skippy/manual-smoke/fixtures/request_defaults/rejected-unsupported.toml	target/debug/mesh-llm serve --config docs/skippy/manual-smoke/fixtures/request_defaults/rejected-unsupported.toml --headless	unsloth/Qwen3.5-4B-GGUF:UD-Q4_K_XL	capture nonzero exit and missing launch in stderr	Shared negative fixture failed on an earlier field, so this key does not yet have isolated row-specific rejection evidence.	.sisyphus/evidence/task-11-manual-runtime-smoke-error.txt	BLOCKED_EVIDENCE_GAP
request_defaults.mirostat_entropy	docs/skippy/manual-smoke/fixtures/request_defaults/rejected-unsupported.toml	target/debug/mesh-llm serve --config docs/skippy/manual-smoke/fixtures/request_defaults/rejected-unsupported.toml --headless	unsloth/Qwen3.5-4B-GGUF:UD-Q4_K_XL	capture nonzero exit and missing launch in stderr	Shared negative fixture failed on an earlier field, so this key does not yet have isolated row-specific rejection evidence.	.sisyphus/evidence/task-11-manual-runtime-smoke-error.txt	BLOCKED_EVIDENCE_GAP
request_defaults.mirostat_learning_rate	docs/skippy/manual-smoke/fixtures/request_defaults/rejected-unsupported.toml	target/debug/mesh-llm serve --config docs/skippy/manual-smoke/fixtures/request_defaults/rejected-unsupported.toml --headless	unsloth/Qwen3.5-4B-GGUF:UD-Q4_K_XL	capture nonzero exit and missing launch in stderr	Shared negative fixture failed on an earlier field, so this key does not yet have isolated row-specific rejection evidence.	.sisyphus/evidence/task-11-manual-runtime-smoke-error.txt	BLOCKED_EVIDENCE_GAP
request_defaults.samplers	docs/skippy/manual-smoke/fixtures/request_defaults/rejected-unsupported.toml	target/debug/mesh-llm serve --config docs/skippy/manual-smoke/fixtures/request_defaults/rejected-unsupported.toml --headless	unsloth/Qwen3.5-4B-GGUF:UD-Q4_K_XL	capture nonzero exit and missing launch in stderr	Shared negative fixture failed on an earlier field, so this key does not yet have isolated row-specific rejection evidence.	.sisyphus/evidence/task-11-manual-runtime-smoke-error.txt	BLOCKED_EVIDENCE_GAP
request_defaults.sampler_sequence	docs/skippy/manual-smoke/fixtures/request_defaults/rejected-unsupported.toml	target/debug/mesh-llm serve --config docs/skippy/manual-smoke/fixtures/request_defaults/rejected-unsupported.toml --headless	unsloth/Qwen3.5-4B-GGUF:UD-Q4_K_XL	capture nonzero exit and missing launch in stderr	Shared negative fixture failed on an earlier field, so this key does not yet have isolated row-specific rejection evidence.	.sisyphus/evidence/task-11-manual-runtime-smoke-error.txt	BLOCKED_EVIDENCE_GAP
request_defaults.ignore_eos	docs/skippy/manual-smoke/fixtures/request_defaults/rejected-unsupported.toml	target/debug/mesh-llm serve --config docs/skippy/manual-smoke/fixtures/request_defaults/rejected-unsupported.toml --headless	unsloth/Qwen3.5-4B-GGUF:UD-Q4_K_XL	capture nonzero exit and missing launch in stderr	Shared negative fixture failed on an earlier field, so this key does not yet have isolated row-specific rejection evidence.	.sisyphus/evidence/task-11-manual-runtime-smoke-error.txt	BLOCKED_EVIDENCE_GAP
request_defaults.backend_sampling	docs/skippy/manual-smoke/fixtures/request_defaults/rejected-unsupported.toml	target/debug/mesh-llm serve --config docs/skippy/manual-smoke/fixtures/request_defaults/rejected-unsupported.toml --headless	n/a (expected rejection)	capture nonzero exit and missing launch in stderr	Observed direct rejection: defaults.request_defaults.backend_sampling is documented-rejected and must not be set.	.sisyphus/evidence/task-11-manual-runtime-smoke-error.txt	EXPECTED_REJECTED_PASS
request_defaults.chat_template	docs/skippy/manual-smoke/fixtures/request_defaults/rejected-unsupported.toml	target/debug/mesh-llm serve --config docs/skippy/manual-smoke/fixtures/request_defaults/rejected-unsupported.toml --headless	unsloth/Qwen3.5-4B-GGUF:UD-Q4_K_XL	capture nonzero exit and missing launch in stderr	Shared negative fixture failed on an earlier field, so this key does not yet have isolated row-specific rejection evidence.	.sisyphus/evidence/task-11-manual-runtime-smoke-error.txt	BLOCKED_EVIDENCE_GAP
request_defaults.chat_template_file	docs/skippy/manual-smoke/fixtures/request_defaults/rejected-unsupported.toml	target/debug/mesh-llm serve --config docs/skippy/manual-smoke/fixtures/request_defaults/rejected-unsupported.toml --headless	unsloth/Qwen3.5-4B-GGUF:UD-Q4_K_XL	capture nonzero exit and missing launch in stderr	Shared negative fixture failed on an earlier field, so this key does not yet have isolated row-specific rejection evidence.	.sisyphus/evidence/task-11-manual-runtime-smoke-error.txt	BLOCKED_EVIDENCE_GAP
request_defaults.jinja	docs/skippy/manual-smoke/fixtures/request_defaults/rejected-unsupported.toml	target/debug/mesh-llm serve --config docs/skippy/manual-smoke/fixtures/request_defaults/rejected-unsupported.toml --headless	unsloth/Qwen3.5-4B-GGUF:UD-Q4_K_XL	capture nonzero exit and missing launch in stderr	Shared negative fixture failed on an earlier field, so this key does not yet have isolated row-specific rejection evidence.	.sisyphus/evidence/task-11-manual-runtime-smoke-error.txt	BLOCKED_EVIDENCE_GAP
request_defaults.chat_template_kwargs	docs/skippy/manual-smoke/fixtures/request_defaults/rejected-unsupported.toml	target/debug/mesh-llm serve --config docs/skippy/manual-smoke/fixtures/request_defaults/rejected-unsupported.toml --headless	unsloth/Qwen3.5-4B-GGUF:UD-Q4_K_XL	capture nonzero exit and missing launch in stderr	Shared negative fixture failed on an earlier field, so this key does not yet have isolated row-specific rejection evidence.	.sisyphus/evidence/task-11-manual-runtime-smoke-error.txt	BLOCKED_EVIDENCE_GAP
request_defaults.skip_chat_parsing	docs/skippy/manual-smoke/fixtures/request_defaults/rejected-unsupported.toml	target/debug/mesh-llm serve --config docs/skippy/manual-smoke/fixtures/request_defaults/rejected-unsupported.toml --headless	unsloth/Qwen3.5-4B-GGUF:UD-Q4_K_XL	capture nonzero exit and missing launch in stderr	Shared negative fixture failed on an earlier field, so this key does not yet have isolated row-specific rejection evidence.	.sisyphus/evidence/task-11-manual-runtime-smoke-error.txt	BLOCKED_EVIDENCE_GAP
request_defaults.prefill_assistant	docs/skippy/manual-smoke/fixtures/request_defaults/rejected-unsupported.toml	target/debug/mesh-llm serve --config docs/skippy/manual-smoke/fixtures/request_defaults/rejected-unsupported.toml --headless	unsloth/Qwen3.5-4B-GGUF:UD-Q4_K_XL	capture nonzero exit and missing launch in stderr	Shared negative fixture failed on an earlier field, so this key does not yet have isolated row-specific rejection evidence.	.sisyphus/evidence/task-11-manual-runtime-smoke-error.txt	BLOCKED_EVIDENCE_GAP
request_defaults.system_prompt	docs/skippy/manual-smoke/fixtures/request_defaults/rejected-unsupported.toml	target/debug/mesh-llm serve --config docs/skippy/manual-smoke/fixtures/request_defaults/rejected-unsupported.toml --headless	unsloth/Qwen3.5-4B-GGUF:UD-Q4_K_XL	capture nonzero exit and missing launch in stderr	Shared negative fixture failed on an earlier field, so this key does not yet have isolated row-specific rejection evidence.	.sisyphus/evidence/task-11-manual-runtime-smoke-error.txt	BLOCKED_EVIDENCE_GAP
request_defaults.grammar	docs/skippy/manual-smoke/fixtures/request_defaults/rejected-unsupported.toml	target/debug/mesh-llm serve --config docs/skippy/manual-smoke/fixtures/request_defaults/rejected-unsupported.toml --headless	unsloth/Qwen3.5-4B-GGUF:UD-Q4_K_XL	capture nonzero exit and missing launch in stderr	Shared negative fixture failed on an earlier field, so this key does not yet have isolated row-specific rejection evidence.	.sisyphus/evidence/task-11-manual-runtime-smoke-error.txt	BLOCKED_EVIDENCE_GAP
request_defaults.json_schema	docs/skippy/manual-smoke/fixtures/request_defaults/rejected-unsupported.toml	target/debug/mesh-llm serve --config docs/skippy/manual-smoke/fixtures/request_defaults/rejected-unsupported.toml --headless	unsloth/Qwen3.5-4B-GGUF:UD-Q4_K_XL	capture nonzero exit and missing launch in stderr	Shared negative fixture failed on an earlier field, so this key does not yet have isolated row-specific rejection evidence.	.sisyphus/evidence/task-11-manual-runtime-smoke-error.txt	BLOCKED_EVIDENCE_GAP
request_defaults.logprobs	docs/skippy/manual-smoke/fixtures/request_defaults/rejected-unsupported.toml	target/debug/mesh-llm serve --config docs/skippy/manual-smoke/fixtures/request_defaults/rejected-unsupported.toml --headless	unsloth/Qwen3.5-4B-GGUF:UD-Q4_K_XL	capture nonzero exit and missing launch in stderr	Shared negative fixture failed on an earlier field, so this key does not yet have isolated row-specific rejection evidence.	.sisyphus/evidence/task-11-manual-runtime-smoke-error.txt	BLOCKED_EVIDENCE_GAP
multimodal.mmproj	docs/skippy/manual-smoke/fixtures/multimodal/validation-only.toml	not-run locally; see blocker evidence and fixture template	local multimodal GGUF + projector pair required	review blocker note plus fixture syntax/coverage only	Not executed locally because deterministic local sidecar assets or a matching multimodal model/projector pair were unavailable.	.sisyphus/evidence/task-11-manual-runtime-smoke.txt	BLOCKED_ASSET_LOCAL
multimodal.mmproj_url	docs/skippy/manual-smoke/fixtures/multimodal/validation-only.toml	not-run locally; see blocker evidence and fixture template	local multimodal GGUF + projector pair required	review blocker note plus fixture syntax/coverage only	Not executed locally because deterministic local sidecar assets or a matching multimodal model/projector pair were unavailable.	.sisyphus/evidence/task-11-manual-runtime-smoke.txt	BLOCKED_ASSET_LOCAL
hardware.mmproj	docs/skippy/manual-smoke/fixtures/multimodal/validation-only.toml	not-run locally; see blocker evidence and fixture template	local multimodal GGUF + projector pair required	review blocker note plus fixture syntax/coverage only	Not executed locally because deterministic local sidecar assets or a matching multimodal model/projector pair were unavailable.	.sisyphus/evidence/task-11-manual-runtime-smoke.txt	BLOCKED_ASSET_LOCAL
multimodal.mmproj_offload	docs/skippy/manual-smoke/fixtures/multimodal/validation-only.toml	not-run locally; see blocker evidence and fixture template	local multimodal GGUF + projector pair required	review blocker note plus fixture syntax/coverage only	Not executed locally because deterministic local sidecar assets or a matching multimodal model/projector pair were unavailable.	.sisyphus/evidence/task-11-manual-runtime-smoke.txt	BLOCKED_ASSET_LOCAL
hardware.mmproj_offload	docs/skippy/manual-smoke/fixtures/multimodal/validation-only.toml	not-run locally; see blocker evidence and fixture template	local multimodal GGUF + projector pair required	review blocker note plus fixture syntax/coverage only	Not executed locally because deterministic local sidecar assets or a matching multimodal model/projector pair were unavailable.	.sisyphus/evidence/task-11-manual-runtime-smoke.txt	BLOCKED_ASSET_LOCAL
multimodal.image_min_tokens	docs/skippy/manual-smoke/fixtures/multimodal/validation-only.toml	not-run locally; see blocker evidence and fixture template	local multimodal GGUF + projector pair required	review blocker note plus fixture syntax/coverage only	Not executed locally because deterministic local sidecar assets or a matching multimodal model/projector pair were unavailable.	.sisyphus/evidence/task-11-manual-runtime-smoke.txt	BLOCKED_ASSET_LOCAL
multimodal.image_max_tokens	docs/skippy/manual-smoke/fixtures/multimodal/validation-only.toml	not-run locally; see blocker evidence and fixture template	local multimodal GGUF + projector pair required	review blocker note plus fixture syntax/coverage only	Not executed locally because deterministic local sidecar assets or a matching multimodal model/projector pair were unavailable.	.sisyphus/evidence/task-11-manual-runtime-smoke.txt	BLOCKED_ASSET_LOCAL
multimodal.embeddings	docs/skippy/manual-smoke/fixtures/multimodal/rejected-specialized.toml	target/debug/mesh-llm serve --config docs/skippy/manual-smoke/fixtures/multimodal/rejected-specialized.toml --headless	n/a (expected rejection)	capture nonzero exit and missing launch in stderr	Observed direct rejection: defaults.multimodal.embeddings is documented-rejected and must not be set.	.sisyphus/evidence/task-11-manual-runtime-smoke-error.txt	EXPECTED_REJECTED_PASS
multimodal.reranking	docs/skippy/manual-smoke/fixtures/multimodal/rejected-specialized.toml	target/debug/mesh-llm serve --config docs/skippy/manual-smoke/fixtures/multimodal/rejected-specialized.toml --headless	unsloth/Qwen3.5-4B-GGUF:UD-Q4_K_XL	capture nonzero exit and missing launch in stderr	Shared negative fixture failed on an earlier field, so this key does not yet have isolated row-specific rejection evidence.	.sisyphus/evidence/task-11-manual-runtime-smoke-error.txt	BLOCKED_EVIDENCE_GAP
multimodal.pooling	docs/skippy/manual-smoke/fixtures/multimodal/rejected-specialized.toml	target/debug/mesh-llm serve --config docs/skippy/manual-smoke/fixtures/multimodal/rejected-specialized.toml --headless	unsloth/Qwen3.5-4B-GGUF:UD-Q4_K_XL	capture nonzero exit and missing launch in stderr	Shared negative fixture failed on an earlier field, so this key does not yet have isolated row-specific rejection evidence.	.sisyphus/evidence/task-11-manual-runtime-smoke-error.txt	BLOCKED_EVIDENCE_GAP
multimodal.vocoder	docs/skippy/manual-smoke/fixtures/multimodal/rejected-specialized.toml	target/debug/mesh-llm serve --config docs/skippy/manual-smoke/fixtures/multimodal/rejected-specialized.toml --headless	unsloth/Qwen3.5-4B-GGUF:UD-Q4_K_XL	capture nonzero exit and missing launch in stderr	Shared negative fixture failed on an earlier field, so this key does not yet have isolated row-specific rejection evidence.	.sisyphus/evidence/task-11-manual-runtime-smoke-error.txt	BLOCKED_EVIDENCE_GAP
advanced.server.alias	docs/skippy/manual-smoke/fixtures/advanced.server/runtime-alias.toml	python3 docs/skippy/manual-smoke/runtime_smoke.py --binary target/debug/mesh-llm --fixture docs/skippy/manual-smoke/fixtures/advanced.server/runtime-alias.toml --model-path $MESH_LLM_SMOKE_MODEL_PATH --api-port 9441 --console-port 3235 --max-wait 600	unsloth/Qwen3.5-4B-GGUF:UD-Q4_K_XL	wait for /api/status and /v1/models, then send /v1/chat/completions	Live local runtime smoke succeeded with alias fixture; see evidence for command, status, model list, chat response, and cleanup.	.sisyphus/evidence/task-11-manual-runtime-smoke.txt	PASS
advanced.server.host	docs/skippy/manual-smoke/fixtures/advanced.server/rejected-operational.toml	target/debug/mesh-llm serve --config docs/skippy/manual-smoke/fixtures/advanced.server/rejected-operational.toml --headless	n/a (expected rejection)	capture nonzero exit and missing launch in stderr	Observed direct rejection: defaults.advanced.server.host is documented-rejected and must not be set.	.sisyphus/evidence/task-11-manual-runtime-smoke-error.txt	EXPECTED_REJECTED_PASS
advanced.server.port	docs/skippy/manual-smoke/fixtures/advanced.server/rejected-operational.toml	target/debug/mesh-llm serve --config docs/skippy/manual-smoke/fixtures/advanced.server/rejected-operational.toml --headless	unsloth/Qwen3.5-4B-GGUF:UD-Q4_K_XL	capture nonzero exit and missing launch in stderr	Shared negative fixture failed on an earlier field, so this key does not yet have isolated row-specific rejection evidence.	.sisyphus/evidence/task-11-manual-runtime-smoke-error.txt	BLOCKED_EVIDENCE_GAP
advanced.server.reuse_port	docs/skippy/manual-smoke/fixtures/advanced.server/rejected-operational.toml	target/debug/mesh-llm serve --config docs/skippy/manual-smoke/fixtures/advanced.server/rejected-operational.toml --headless	unsloth/Qwen3.5-4B-GGUF:UD-Q4_K_XL	capture nonzero exit and missing launch in stderr	Shared negative fixture failed on an earlier field, so this key does not yet have isolated row-specific rejection evidence.	.sisyphus/evidence/task-11-manual-runtime-smoke-error.txt	BLOCKED_EVIDENCE_GAP
advanced.server.timeout	docs/skippy/manual-smoke/fixtures/advanced.server/rejected-operational.toml	target/debug/mesh-llm serve --config docs/skippy/manual-smoke/fixtures/advanced.server/rejected-operational.toml --headless	unsloth/Qwen3.5-4B-GGUF:UD-Q4_K_XL	capture nonzero exit and missing launch in stderr	Shared negative fixture failed on an earlier field, so this key does not yet have isolated row-specific rejection evidence.	.sisyphus/evidence/task-11-manual-runtime-smoke-error.txt	BLOCKED_EVIDENCE_GAP
advanced.server.metrics	docs/skippy/manual-smoke/fixtures/advanced.server/rejected-operational.toml	target/debug/mesh-llm serve --config docs/skippy/manual-smoke/fixtures/advanced.server/rejected-operational.toml --headless	unsloth/Qwen3.5-4B-GGUF:UD-Q4_K_XL	capture nonzero exit and missing launch in stderr	Shared negative fixture failed on an earlier field, so this key does not yet have isolated row-specific rejection evidence.	.sisyphus/evidence/task-11-manual-runtime-smoke-error.txt	BLOCKED_EVIDENCE_GAP
advanced.server.slots	docs/skippy/manual-smoke/fixtures/advanced.server/rejected-operational.toml	target/debug/mesh-llm serve --config docs/skippy/manual-smoke/fixtures/advanced.server/rejected-operational.toml --headless	unsloth/Qwen3.5-4B-GGUF:UD-Q4_K_XL	capture nonzero exit and missing launch in stderr	Shared negative fixture failed on an earlier field, so this key does not yet have isolated row-specific rejection evidence.	.sisyphus/evidence/task-11-manual-runtime-smoke-error.txt	BLOCKED_EVIDENCE_GAP
advanced.server.props	docs/skippy/manual-smoke/fixtures/advanced.server/rejected-operational.toml	target/debug/mesh-llm serve --config docs/skippy/manual-smoke/fixtures/advanced.server/rejected-operational.toml --headless	unsloth/Qwen3.5-4B-GGUF:UD-Q4_K_XL	capture nonzero exit and missing launch in stderr	Shared negative fixture failed on an earlier field, so this key does not yet have isolated row-specific rejection evidence.	.sisyphus/evidence/task-11-manual-runtime-smoke-error.txt	BLOCKED_EVIDENCE_GAP
advanced.server.api_prefix	docs/skippy/manual-smoke/fixtures/advanced.server/rejected-operational.toml	target/debug/mesh-llm serve --config docs/skippy/manual-smoke/fixtures/advanced.server/rejected-operational.toml --headless	unsloth/Qwen3.5-4B-GGUF:UD-Q4_K_XL	capture nonzero exit and missing launch in stderr	Shared negative fixture failed on an earlier field, so this key does not yet have isolated row-specific rejection evidence.	.sisyphus/evidence/task-11-manual-runtime-smoke-error.txt	BLOCKED_EVIDENCE_GAP
